【三只松鼠_足迹面包750g/整箱】手撕面包魔法棒零食小吃营养早餐,25.90,4.8,4.8,184955,288435,undefined
【三只松鼠_碧根果210gx2】休闲零食坚果特产山核桃炒货长寿果,38.90,4.8,4.8,744790,1004882,undefined
【三只松鼠_猪肉脯210g】休闲食品网红零食肉脯特产美食靖江风味,16.90,4.8,4.8,undefined,undefined,undefined
新品【三只松鼠_黑粉粽120g_水晶粽】网红粽子礼盒端午节礼品甜粽,12.90,undefined,undefined,undefined,undefined,undefined
【三只松鼠_乳酸菌小伴侣800g/箱】营养口袋小面包早餐整箱蛋糕,36.90,undefined,undefined,undefined,undefined,undefined
新品【三只松鼠_匠芯曲奇160g_软心曲奇】零食抹茶巧克力夹心饼干,19.90,undefined,undefined,undefined,undefined,undefined
【三只松鼠_夏威夷果265gx2】休闲零食特产坚果炒货干果仁奶油味,44.90,undefined,undefined,undefined,undefined,undefined
【三只松鼠_爆芝肉弹80g_芝士香肠】卤味零食小吃即食夹心小肉肠,9.90,undefined,undefined,undefined,undefined,undefined
新品【三只松鼠_情绪芯片115g_夹心饼干】办公室休闲零食小吃芝士,16.90,undefined,undefined,undefined,undefined,undefined
【三只松鼠_菇的肉220g_香菇素肉】零食特产麻辣味即食蔬菜,19.90,undefined,undefined,undefined,undefined,undefined
【三只松鼠_和风夹心麻薯150gx3袋】糕点心美食零食特产干吃汤圆,19.90,undefined,undefined,undefined,undefined,undefined
【三只松鼠_蜀香牛肉100gx2袋】休闲零食小吃肉脯手撕牛肉干麻辣,28.90,undefined,undefined,undefined,undefined,undefined
【三只松鼠_红枣蛋糕800g/整箱】蜂蜜枣泥枣糕枣安蛋糕面包零食,28.90,undefined,undefined,undefined,undefined,undefined
【三只松鼠_深夜虎皮凤爪200g】零食卤味肉脯香辣五香小包鸡爪子,18.90,undefined,undefined,undefined,undefined,undefined
【三只松鼠_霹雳虎皮蛋158g】网红休闲零食卤味小吃卤蛋鹌鹑蛋,9.90,undefined,undefined,undefined,undefined,undefined
【三只松鼠_零食大礼包】网红坚果组合休闲小吃膨化整箱饼干,44.90,undefined,undefined,undefined,undefined,undefined
【三只松鼠_枣夹核桃仁258g】甜加脆零食大红枣子干果夹核桃仁,23.90,undefined,undefined,undefined,undefined,undefined
【三只松鼠_美式薯条75gx3】办公室休闲零食小吃膨化食品薯条,17.90,undefined,undefined,undefined,undefined,undefined
【三只松鼠_黄金肉松饼456g】休闲食品传统糕点点心肉松面包,16.90,undefined,undefined,undefined,undefined,undefined
【三只松鼠_草莓干106gx2袋】办公室休闲零食蜜饯果脯水果干草莓,22.90,undefined,undefined,undefined,undefined,undefined
【三只松鼠_纸皮核桃210gx2袋】坚果特产薄皮大仁带壳核桃干果,26.90,undefined,undefined,undefined,undefined,undefined
[嘴痒零食] 小鱼干小鱼仔香辣休闲零食湖南特产辣味食品小零食91g,35.90,undefined,undefined,undefined,undefined,undefined
【三只松鼠_肥宅鲜切饲料45gx3_薯片】休闲膨化网红零食吃货薄片,12.90,undefined,undefined,undefined,undefined,undefined
黑糖坚果沙琪玛坚果办公室下午茶点点心休闲零食500g,29.80,undefined,undefined,undefined,undefined,undefined
奥妙洗衣凝珠洗衣液三色36颗家庭装洗衣球除菌除螨含金纺柔顺酵素,79.90,undefined,undefined,undefined,undefined,undefined
摩飞便携充电式榨汁机小型家用榨汁杯电动果汁机迷你料理水果汁杯,199.00,undefined,undefined,undefined,undefined,undefined
王饱饱果然多双包装燕麦片早餐冲饮即食代餐速食营养懒人食品400g,82.90,undefined,undefined,undefined,undefined,undefined
【三只松鼠_鸭脖154g】休闲零食卤味小吃肉脯即食鸭肉香辣鸭脖子,9.90,undefined,undefined,undefined,undefined,undefined
诸老大粽子礼盒端午节团购诸事喜乐12粽6味甜粽肉粽嘉兴粽子蛋黄,99.90,undefined,undefined,undefined,undefined,undefined
牛都澳洲整肉原切家庭牛排套餐团购黑椒牛肉10片新鲜儿童菲力西冷,199.00,undefined,undefined,undefined,undefined,undefined
原切培根肉片2斤 营养早餐培根美式经典家用手抓饼肉片包邮,59.00,undefined,undefined,undefined,undefined,undefined
德亚德国原装进口脱脂纯牛奶200ml*30盒整箱装,79.90,undefined,undefined,undefined,undefined,undefined
亏本秒杀希澈电动牙刷成人儿童小头软毛声波便携旅行牙刷家用,9.90,undefined,undefined,undefined,undefined,undefined
名扬火锅底料牛油特辣500g手工家用重庆老成都麻辣烫香锅调料四川,26.80,undefined,undefined,undefined,undefined,undefined
【三只松鼠_手撕面包1kg/整箱】网红早餐营养食品小零食蛋糕点心,24.90,undefined,undefined,undefined,undefined,undefined
可啦啦韩国美瞳半年抛女网红款小直径混血欧美男大隐形眼镜6 月抛,56.90,undefined,undefined,undefined,undefined,undefined
小白熊护理湿巾湿厕纸成人儿童清洁孕妇产后私处湿纸巾10片*10,39.90,undefined,undefined,undefined,undefined,undefined
杏贞堂未先治湿茶红豆薏米芡实茶赤小豆薏仁苦荞大麦茶叶祛水果茶,55.00,undefined,undefined,undefined,undefined,undefined
艾诗香氛沐浴露持久留香女士浪漫花香美香体补水保湿家庭装男正品,36.90,undefined,undefined,undefined,undefined,undefined
想念挂面 黑鸭拌面3人份装 速食含料包干拌面条网红方便面条,69.90,undefined,undefined,undefined,undefined,undefined
COCOVEL洗发水露女网红款 持久留香去屑止痒控油香味洗头发膏正品,35.70,undefined,undefined,undefined,undefined,undefined
【新品】卡姿兰立体菱形眉笔防水持久不脱色自然自动眉笔非眉粉膏,75.00,undefined,undefined,undefined,undefined,undefined
艾尚燕鲜炖冰糖浓缩即食燕窝正品 孕妇天然金丝官燕盏滋补营养品,395.00,undefined,undefined,undefined,undefined,undefined
半亩花田冻干粉 积雪草寡肽原液精华 收缩毛孔修复淡化祛痘印痘疤,69.00,undefined,undefined,undefined,undefined,undefined
【三只松鼠_巨型零食大礼包3520g/30包】零食网红小吃创意送礼物,168.00,undefined,undefined,undefined,undefined,undefined
【三只松鼠_足迹面包750g/整箱】手撕面包魔法棒零食小吃营养早餐,25.90,4.8,4.8,184955,288435,undefined
【三只松鼠_碧根果210gx2】休闲零食坚果特产山核桃炒货长寿果,38.90,4.8,4.8,undefined,undefined,undefined
【三只松鼠_猪肉脯210g】休闲食品网红零食肉脯特产美食靖江风味,16.90,4.8,4.8,undefined,undefined,undefined
新品【三只松鼠_黑粉粽120g_水晶粽】网红粽子礼盒端午节礼品甜粽,12.90,4.8,4.8,undefined,undefined,undefined
【三只松鼠_乳酸菌小伴侣800g/箱】营养口袋小面包早餐整箱蛋糕,36.90,4.8,4.8,undefined,undefined,undefined
新品【三只松鼠_匠芯曲奇160g_软心曲奇】零食抹茶巧克力夹心饼干,19.90,undefined,undefined,undefined,undefined,undefined
